index,shape-type,vertex-index,axis-0,axis-1,axis-2
0,line,0,0.0,317.0150501250758,113.98442965321392
0,line,1,0.0,190.4645071486484,146.90814815114624
