index,shape-type,vertex-index,axis-0,axis-1,axis-2
0,line,0,0.0,321.60861244871865,391.15227959099485
0,line,1,0.0,413.3947229823481,401.5610137752209
