index,shape-type,vertex-index,axis-0,axis-1,axis-2
0,line,0,41.0,232.649894240481,183.7979418809668
0,line,1,41.0,322.4744573314186,254.71207063697017
