index,shape-type,vertex-index,axis-0,axis-1,axis-2
0,line,0,0.0,167.81411862990814,101.51503759398497
0,line,1,0.0,192.6228070175439,143.43316624895573
