index,shape-type,vertex-index,axis-0,axis-1,axis-2
0,line,0,0.0,180.86090986059315,292.81454755795687
0,line,1,0.0,256.25439645310774,233.5162996762039
