index,shape-type,vertex-index,axis-0,axis-1,axis-2
0,line,0,0.0,250.84993074947437,312.4244288344919
0,line,1,0.0,206.55471770332957,399.3942983519225
