index,shape-type,vertex-index,axis-0,axis-1,axis-2
0,line,0,0.0,430.31127934994475,443.5111709277183
0,line,1,0.0,449.2115014156703,478.64093150640383
